<PAMDataset>
  <PAMRasterBand band="1">
    <Histograms>
      <HistItem>
        <HistMin>-1.333333333333333</HistMin>
        <HistMax>1.333333333333333</HistMax>
        <BucketCount>3</BucketCount>
        <IncludeOutOfRange>0</IncludeOutOfRange>
        <Approximate>0</Approximate>
        <HistCounts>6112|413|35</HistCounts>
      </HistItem>
    </Histograms>
    <Metadata>
      <MDI key="STATISTICS_MAXIMUM">1</MDI>
      <MDI key="STATISTICS_MEAN">-0.92637195121951</MDI>
      <MDI key="STATISTICS_MINIMUM">-1</MDI>
      <MDI key="STATISTICS_STDDEV">0.28085172408334</MDI>
    </Metadata>
  </PAMRasterBand>
  <PAMRasterBand band="2">
    <Histograms>
      <HistItem>
        <HistMin>-1.333333333333333</HistMin>
        <HistMax>1.333333333333333</HistMax>
        <BucketCount>3</BucketCount>
        <IncludeOutOfRange>0</IncludeOutOfRange>
        <Approximate>0</Approximate>
        <HistCounts>5607|407|546</HistCounts>
      </HistItem>
    </Histograms>
    <Metadata>
      <MDI key="STATISTICS_MAXIMUM">1</MDI>
      <MDI key="STATISTICS_MEAN">-0.77149390243903</MDI>
      <MDI key="STATISTICS_MINIMUM">-1</MDI>
      <MDI key="STATISTICS_STDDEV">0.58545236832092</MDI>
    </Metadata>
  </PAMRasterBand>
  <PAMRasterBand band="3">
    <Histograms>
      <HistItem>
        <HistMin>-1.333333333333333</HistMin>
        <HistMax>1.333333333333333</HistMax>
        <BucketCount>3</BucketCount>
        <IncludeOutOfRange>0</IncludeOutOfRange>
        <Approximate>0</Approximate>
        <HistCounts>182|96|6282</HistCounts>
      </HistItem>
    </Histograms>
    <Metadata>
      <MDI key="STATISTICS_MAXIMUM">1</MDI>
      <MDI key="STATISTICS_MEAN">0.92987804878049</MDI>
      <MDI key="STATISTICS_MINIMUM">-1</MDI>
      <MDI key="STATISTICS_STDDEV">0.34740850314108</MDI>
    </Metadata>
  </PAMRasterBand>
</PAMDataset>
